<?xml version="1.0" encoding="UTF-8"?>
<project-private xmlns="http://www.netbeans.org/ns/project-private/1">
    <editor-bookmarks xmlns="http://www.netbeans.org/ns/editor-bookmarks/2" lastBookmarkId="0"/>
    <open-files xmlns="http://www.netbeans.org/ns/projectui-open-files/2">
        <group>
            <file>file:/D:/Google%20Drive/Projetos%20e%20Códigos/Livro%20Desenvolvimento%20de%20Aplicações%20Web%20em%20Java/projetos/capitulo01/OlaMundoWeb/web/index.html</file>
            <file>file:/D:/Google%20Drive/Projetos%20e%20Códigos/Livro%20Desenvolvimento%20de%20Aplicações%20Web%20em%20Java/projetos/capitulo01/OlaMundoWeb/src/java/olamundoweb/servlets/OlaServlet.java</file>
        </group>
    </open-files>
</project-private>
